{
"domainSizeX": 15,
"domainSizeY": 15,
"sigma": 0.5,
"Dt":11.500000,"correlation":0.500000,"steps":2300,"visc":0.000121,
}